text,label
"Scientists confirm that drinking water is necessary for human survival",real
"Local university announces examination schedule for students",real
"Government publishes an official notice about public services",real
"Experts release a report explaining recent weather conditions",real
"BREAKING!!! Share this before Facebook deletes it! Everyone will receive free money today!!!",fake
"Secret message says every citizen will receive one million rupees if they share this post",fake
"Doctors are hiding the truth and one simple fruit cures every disease",fake
"Facebook will give free smartphones to everyone who comments YES",fake
"Urgent!!! Government secretly banned all internet access tomorrow. Share now!",fake
"Scientists say the moon will disappear tomorrow and only people who share this post will be safe",fake
